5,49,2.8923,0.75,0.25,0,0.5,0,0,0.25,0.25,0,0,0.25,0.5
14,23,2.8923,0,0,0.25,0,0.25,0.25,0,0.25,0.75,0,0.5,0
30,53,2.8923,0.25,0.5,0,0.25,0.5,0,0,0.25,0.25,0.75,0.5,0.25
46,1,2.8923,0.25,0.25,0.25,0.5,0.5,0,0,0.5,0.5,0,0,0.5
47,15,2.8923,0.75,0.25,0.75,0.5,0.75,0.75,0,0.25,0.25,0.5,0.25,0.25
51,49,2.8923,0.75,0.25,0.25,0.75,0.5,0,0,0.75,0.25,0.5,0,0.75
51,58,2.8923,0.25,0.5,0.25,0.75,0,0.5,0.5,0.75,0.25,0,0.5,0.5
77,32,2.8923,0,0.25,0.25,0.75,0.5,0.25,0.75,0.75,0.25,0,0,0
99,37,2.8923,0,0.75,0,0.75,0.25,0.5,0.75,0.75,0.25,0.25,0.25,0
19,50,3.0603,0.75,0.75,0,0.75,0,0.75,0,0.75,0,0.25,0.5,0
21,44,3.0603,0.5,0,0.75,0,0.25,0.25,0.75,0.5,0.75,0.75,0.5,0.25
27,26,3.0603,0.5,0,0.75,0.75,0.75,0,0.75,0.5,0,0.5,0.75,0.5
27,35,3.0603,0.25,0,0.75,0.5,0.75,0.75,0,0.5,0,0.25,0.5,0.25
37,29,3.0603,0.75,0.75,0,0.75,0.25,0.75,0.25,0.75,0.75,0.5,0.25,0
46,58,3.0603,0.25,0.5,0,0.75,0,0.75,0.25,0.75,0.75,0.25,0.5,0
58,29,3.0603,0.75,0.75,0,0.75,0.75,0.5,0.75,0.75,0.5,0.75,0.25,0.75
60,56,3.0603,0.25,0,0.75,0.5,0.25,0.25,0.75,0.5,0.25,0.25,0.5,0.25
75,34,3.0603,0,0.25,0.75,0,0,0.25,0.75,0.5,0,0.75,0.25,0.25
76,66,3.0603,0.5,0.25,0.5,0,0.5,0,0,0.25,0.25,0.25,0.5,0.25
78,16,3.0603,0.25,0.25,0.25,0.5,0,0.25,0,0.25,0.25,0,0.5,0.25
81,4,3.0603,0.75,0,0.25,0.75,0,0,0.5,0.25,0.5,0.75,0.75,0.5
83,34,3.0603,0.5,0,0.25,0.75,0,0.25,0.25,0.25,0.25,0,0.75,0.25
86,55,3.0603,0.5,0.25,0,0.75,0.75,0,0.5,0.75,0.25,0.75,0,0
87,14,3.0603,0,0.25,0,0.75,0.75,0.75,0.75,0.75,0.75,0,0.25,0.75
88,62,3.0603,0.5,0,0,0.75,0.75,0.5,0.5,0.75,0.75,0.75,0.25,0.75
92,53,3.0603,0.25,0.25,0,0.75,0.75,0.75,0.5,0.75,0,0.25,0.25,0
92,63,3.0603,0.25,0.5,0.5,0.5,0,0,0,0.25,0,0,0.25,0
98,6,3.0603,0,0.25,0.75,0.75,0.25,0.5,0.5,0.75,0,0.25,0,0.25
5,45,3.5164,0.5,0.5,0.25,0.75,0.75,0.75,0.75,0.75,0,0,0.25,0
6,50,3.5164,0.25,0,0.25,0.75,0.5,0.25,0,0.25,0.75,0,0.75,0
12,49,3.5164,0.75,0.75,0.25,0.75,0.5,0.5,0.75,0.75,0.5,0.5,0,0.5
16,11,3.5164,0.5,0,0,0.75,0.25,0.25,0.25,0.75,0.25,0.25,0,0
18,66,3.5164,0,0,0.75,0,0.5,0.5,0.25,0.5,0,0.25,0.25,0.25
28,47,3.5164,0,0.25,0.75,0.75,0.5,0.25,0.5,0.75,0.25,0,0,0.5
30,2,3.5164,0.25,0,0.25,0,0,0.25,0.25,0.5,0.75,0.25,0,0.5
38,30,3.5164,0.25,0,0.25,0.75,0.5,0,0.5,0.75,0.75,0.75,0.5,0.75
49,70,3.5164,0.5,0,0.5,0.75,0,0.25,0,0.75,0.5,0,0,0.75
58,63,3.5164,0.75,0,0.75,0.75,0.25,0.5,0,0.75,0.5,0.75,0.25,0.75
62,67,3.5164,0.75,0.25,0.25,0.75,0.25,0.25,0.5,0.25,0,0.75,0.25,0.75
67,63,3.5164,0,0,0.25,0.5,0,0.75,0.75,0.5,0.75,0.75,0.25,0
72,31,3.5164,0,0.75,0,0.75,0,0.5,0.25,0.75,0.75,0,0,0
74,56,3.5164,0.75,0.75,0,0.75,0.25,0.5,0,0.75,0.25,0.5,0,0
78,70,3.5164,0.5,0,0.25,0,0.75,0.5,0,0.5,0.75,0.5,0.25,0.75
84,15,3.5164,0.25,0.25,0.25,0,0,0.75,0,0.25,0.75,0.25,0.25,0.5
90,36,3.5164,0.5,0.25,0.25,0.75,0,0.5,0.75,0.25,0,0.75,0,0.75
90,65,3.5164,0,0,0.5,0.5,0.5,0,0.25,0.5,0.5,0.5,0.5,0.5
99,66,3.5164,0.5,0.25,0,0.5,0.5,0,0,0.5,0.5,0,0.5,0
1,26,4.1672,0,0.75,0,0.75,0.25,0.5,0,0.75,0,0.5,0.25,0
2,28,4.1672,0.5,0,0.75,0,0.75,0.5,0.5,0.25,0.5,0.25,0.25,0.5
5,27,4.1672,0.75,0.25,0.5,0.75,0,0.75,0,0.75,0,0.75,0,0
15,16,4.1672,0.5,0,0,0.75,0.25,0.5,0.75,0.75,0,0.25,0.25,0.75
28,53,4.1672,0,0.5,0.25,0.75,0.25,0.75,0,0,0.5,0.5,0,0.75
32,63,4.1672,0,0.75,0,0.5,0.75,0.25,0,0.25,0.5,0.5,0.5,0
34,9,4.1672,0.5,0,0.25,0,0,0.75,0.5,0.5,0,0.75,0.25,0.5
36,34,4.1672,0.75,0.25,0.5,0.75,0.25,0,0,0.5,0.5,0.25,0.75,0.5
37,50,4.1672,0.5,0.25,0,0,0.5,0.5,0,0.25,0.5,0,0.25,0.25
41,32,4.1672,0.75,0.25,0.75,0.75,0.75,0.75,0.25,0.75,0,0,0.5,0.25
52,69,4.1672,0.75,0.5,0.75,0.75,0.75,0.5,0.75,0,0,0.5,0,0
64,16,4.1672,0.5,0.25,0.75,0.75,0.25,0.25,0.5,0.75,0,0.5,0,0.5
64,56,4.1672,0.5,0,0.5,0,0.5,0,0.25,0.5,0.75,0.25,0.25,0
64,60,4.1672,0.25,0,0.5,0,0.5,0,0.75,0.5,0.25,0,0,0.5
70,44,4.1672,0.5,0,0.5,0,0,0.75,0,0.25,0.25,0,0.5,0.25
77,69,4.1672,0.5,0.75,0.5,0.5,0.25,0,0,0.25,0.25,0,0,0.5
86,58,4.1672,0,0.75,0.5,0,0,0,0.5,0.25,0.25,0.75,0.25,0.5
94,35,4.1672,0.5,0.5,0,0.75,0.25,0,0.25,0.75,0.25,0.75,0,0
99,43,4.1672,0,0,0.25,0.75,0,0.5,0.25,0.75,0.5,0.5,0,0
100,34,4.1672,0,0.75,0.5,0.75,0,0.75,0.75,0.25,0.25,0.75,0,0.75
1,12,4.9361,0.25,0,0.75,0,0.75,0,0.75,0.25,0,0.25,0.5,0.25
6,28,4.9361,0.5,0,0.5,0,0,0.25,0.75,0.5,0.5,0.5,0,0.25
9,33,4.9361,0.75,0.25,0.5,0.75,0.25,0.75,0.25,0.75,0.75,0.25,0.25,0
18,5,4.9361,0.5,0.25,0,0.75,0,0,0.75,0.75,0.75,0,0.5,0.75
21,7,4.9361,0.5,0,0.25,0.5,0.75,0.25,0.5,0.5,0.25,0.5,0.5,0.25
22,43,4.9361,0.75,0,0.25,0.5,0.75,0.25,0.75,0.5,0.5,0.75,0,0.5
32,23,4.9361,0,0.75,0.25,0.75,0,0.75,0.5,0,0.5,0.75,0.5,0
33,17,4.9361,0,0.25,0.25,0.75,0.75,0.25,0.5,0.75,0.75,0,0.25,0.75
36,23,4.9361,0.25,0.25,0.75,0.75,0,0.25,0.5,0.5,0.25,0,0.5,0.75
37,36,4.9361,0,0.25,0.75,0.75,0.25,0,0.75,0.75,0.5,0,0.5,0.75
37,40,4.9361,0.5,0.75,0.5,0.75,0.75,0,0.5,0.75,0,0.75,0,0.5
39,12,4.9361,0.75,0.25,0,0.75,0.75,0,0.25,0.75,0,0.5,0,0
41,66,4.9361,0.75,0.25,0,0.75,0.5,0.5,0,0.75,0.75,0,0.5,0.75
42,46,4.9361,0.75,0,0.5,0.75,0.5,0.75,0.75,0.75,0,0.25,0,0.5
55,54,4.9361,0,0.25,0.75,0.75,0.25,0,0,0.5,0.25,0.5,0.75,0.5
58,20,4.9361,0.25,0,0,0.25,0,0,0,0.25,0.75,0,0.5,0
61,57,4.9361,0,0,0.25,0.75,0.5,0.75,0,0.25,0.25,0.75,0.75,0.5
64,62,4.9361,0.5,0.25,0,0.5,0.75,0.5,0.75,0.25,0.75,0.25,0.25,0.5
67,49,4.9361,0,0,0,0.5,0.75,0.75,0.75,0.25,0.5,0,0.5,0.5
70,10,4.9361,0.75,0.25,0.5,0.5,0.5,0.25,0,0.5,0.25,0.75,0.25,0.5
70,64,4.9361,0.75,0.25,0.75,0.75,0,0.25,0.5,0.5,0.5,0.25,0.5,0.75
71,53,4.9361,0.75,0.25,0.25,0,0,0,0,0.75,0,0.75,0.25,0.25
75,70,4.9361,0,0.5,0.5,0.75,0.25,0.75,0.25,0.75,0.5,0.5,0,0.5
77,51,4.9361,0.75,0.25,0,0.75,0.75,0.75,0.75,0,0,0.5,0.25,0.75
92,42,4.9361,0.5,0.5,0.25,0.75,0,0.5,0,0.75,0,0.5,0.5,0
95,6,4.9361,0,0.25,0.5,0.75,0.5,0.5,0,0.75,0.75,0.25,0.5,0.75
96,8,4.9361,0.75,0.75,0,0.5,0.5,0,0.5,0.5,0.5,0.5,0.5,0.5
97,52,4.9361,0.25,0,0.5,0,0.25,0.75,0,0.25,0,0.5,0.5,0.25
97,63,4.9361,0.25,0.25,0,0.75,0.5,0.25,0.5,0.5,0.25,0.25,0,0.75
99,56,4.9361,0.25,0,0,0,0,0.5,0.75,0.25,0,0.25,0.5,0.25
2,44,5.7763,0.75,0,0.25,0.75,0.75,0.75,0.5,0.75,0.5,0.5,0,0.5
3,41,5.7763,0.75,0.25,0,0.75,0.25,0.75,0,0.5,0.75,0.5,0.75,0.5
6,47,5.7763,0.75,0.75,0.75,0.75,0.5,0.5,0.75,0.75,0.75,0.25,0,0.5
12,12,5.7763,0.25,0.75,0.5,0.75,0.5,0.5,0.5,0.75,0.25,0.5,0,0.25
24,30,5.7763,0.75,0.75,0,0.75,0.5,0.5,0.75,0,0.25,0.75,0.25,0.75
25,69,5.7763,0.75,0.25,0.75,0.75,0.75,0.25,0,0.75,0.75,0,0.5,0.75
45,13,5.7763,0.25,0.75,0,0.75,0.75,0.5,0.75,0,0,0,0,0
47,38,5.7763,0.25,0.75,0,0.5,0.5,0.25,0.5,0.25,0.75,0.5,0.5,0.25
52,18,5.7763,0.75,0,0.5,0,0.5,0,0.5,0.5,0.75,0,0.25,0
54,46,5.7763,0.75,0,0.75,0.5,0,0,0.25,0.25,0,0,0,0.25
58,39,5.7763,0.25,0.25,0.75,0.75,0,0.25,0.25,0.5,0.5,0.5,0.5,0.75
58,59,5.7763,0.75,0.25,0,0.5,0,0.5,0.75,0.25,0.75,0.5,0.25,0.5
63,4,5.7763,0.25,0.25,0.25,0.75,0.75,0.25,0.25,0.75,0.75,0.25,0,0
95,70,5.7763,0.5,0.25,0.25,0.75,0.75,0.5,0,0.75,0.75,0.25,0.5,0.75
98,30,5.7763,0.25,0.25,0.25,0.5,0.75,0.25,0.75,0.5,0.25,0.25,0.25,0.25
100,23,5.7763,0.5,0.75,0.5,0.75,0.25,0.75,0.5,0.75,0.5,0.5,0.25,0.5
100,33,5.7763,0.5,0.25,0.25,0.5,0.5,0.75,0,0.5,0.75,0,0.25,0.5
100,69,5.7763,0.75,0.5,0.75,0.75,0,0.5,0.75,0.75,0.25,0.75,0,0.5
10,55,6.6607,0.5,0.25,0,0,0.75,0.5,0,0.5,0.75,0.25,0,0.25
11,58,6.6607,0,0.25,0,0.5,0,0.25,0.75,0.5,0,0.5,0.25,0.5
15,13,6.6607,0.75,0,0.75,0.25,0.75,0.25,0.75,0.25,0.5,0,0.25,0.25
15,37,6.6607,0.5,0.25,0.25,0.75,0,0.75,0.5,0.75,0.25,0.25,0.5,0.5
16,58,6.6607,0.25,0,0,0.75,0.25,0,0,0.75,0,0.25,0,0.75
22,34,6.6607,0.75,0.5,0.75,0.75,0,0.75,0.75,0.75,0.5,0,0.5,0.25
27,38,6.6607,0.5,0.75,0.5,0.75,0.25,0.25,0.5,0.75,0.25,0.75,0.5,0.25
29,69,6.6607,0,0.25,0.5,0.75,0.75,0.75,0,0.25,0.25,0,0,0.75
30,5,6.6607,0.25,0.25,0.5,0.75,0,0.25,0.5,0.75,0.5,0.25,0,0
41,9,6.6607,0.5,0.75,0.5,0.5,0.25,0.25,0.75,0.5,0.5,0.75,0.25,0.25
43,13,6.6607,0.75,0,0.5,0.5,0.75,0.5,0,0.25,0.75,0.5,0,0.5
51,60,6.6607,0.25,0,0.25,0.75,0.25,0.5,0.5,0.75,0.5,0.5,0.25,0
56,8,6.6607,0.5,0.25,0.5,0.75,0.75,0.25,0.5,0.75,0.75,0.75,0,0
59,59,6.6607,0.75,0.75,0.75,0.75,0,0.25,0.25,0.75,0.5,0.5,0.5,0.5
67,67,6.6607,0.25,0.75,0.5,0.5,0.5,0.5,0.75,0.25,0.75,0.5,0.25,0.25
72,50,6.6607,0,0.25,0,0.5,0.5,0,0,0,0.5,0.25,0.25,0.5
76,7,6.6607,0.25,0,0,0.75,0.25,0.75,0,0.75,0.25,0,0.25,0.75
77,59,6.6607,0.5,0.5,0.5,0.75,0.75,0.75,0.75,0.75,0.25,0.75,0,0.25
82,68,6.6607,0,0.75,0.75,0.75,0.75,0.75,0.5,0.75,0.75,0.75,0,0.25
90,43,6.6607,0.5,0.75,0.25,0.75,0.5,0,0.75,0.75,0.5,0.25,0.25,0.75
94,13,6.6607,0.5,0,0,0.5,0.75,0,0.25,0.25,0.25,0,0,0.25
96,25,6.6607,0.5,0,0,0.5,0,0,0,0.25,0.75,0,0,0.75
1,47,7.574,0.5,0.25,0,0.75,0.5,0.75,0.5,0.75,0.75,0,0.25,0.5
14,9,7.574,0.5,0.5,0.75,0,0,0,0,0.75,0.5,0.5,0.25,0.25
16,19,7.574,0.5,0,0,0.25,0.75,0.25,0.75,0.25,0.5,0.25,0.25,0.25
19,6,7.574,0,0.25,0.5,0,0.25,0.25,0,0.25,0.25,0,0.25,0.25
20,6,7.574,0,0.5,0,0.75,0,0,0.25,0.75,0.25,0,0.5,0
25,31,7.574,0.25,0.25,0.5,0.5,0.5,0,0,0.5,0.75,0.5,0.25,0
31,21,7.574,0.5,0,0.5,0.5,0,0,0.5,0.5,0,0.5,0.5,0.25
42,21,7.574,0.25,0.25,0,0,0,0.25,0,0.25,0.5,0.25,0.25,0
43,26,7.574,0,0.75,0.5,0.75,0.75,0.75,0.75,0.75,0.75,0,0.5,0.5
43,50,7.574,0.75,0.25,0.5,0.5,0.25,0.25,0,0.25,0.5,0,0.25,0.25
48,14,7.574,0.5,0,0.5,0.75,0.5,0.75,0.5,0.75,0,0.5,0,0.25
49,5,7.574,0.75,0,0.25,0.75,0.75,0,0.75,0.75,0.5,0.75,0,0.75
54,18,7.574,0,0.5,0.75,0.75,0.75,0,0.5,0.75,0.25,0,0,0.25
63,44,7.574,0.25,0,0.25,0.5,0.25,0,0.5,0.25,0.75,0,0.5,0.5
64,21,7.574,0.5,0.25,0,0.75,0.75,0,0.25,0.5,0.5,0.75,0.75,0.25
64,61,7.574,0.75,0.25,0.75,0.75,0.75,0.5,0.25,0.75,0.25,0.25,0.5,0.25
66,34,7.574,0.75,0,0.25,0.75,0.5,0,0,0.25,0,0.25,0.75,0
69,8,7.574,0.25,0,0,0.5,0.75,0.25,0.5,0.5,0.25,0.25,0.5,0.5
70,4,7.574,0,0,0.25,0.75,0.5,0.25,0,0.75,0.5,0.75,0.5,0.75
76,10,7.574,0,0.25,0.5,0.75,0.5,0.5,0,0.75,0.25,0.75,0.5,0
77,6,7.574,0.75,0,0,0.75,0,0,0.75,0.75,0.25,0.75,0,0.75
83,19,7.574,0.5,0.5,0.5,0.75,0.75,0.75,0.25,0.75,0.25,0.5,0.5,0.25
84,20,7.574,0.25,0.5,0.5,0.75,0.75,0.5,0.75,0.75,0,0.25,0,0.25
86,4,7.574,0,0.25,0.5,0.75,0.25,0.25,0.25,0.75,0.5,0.75,0.25,0
86,5,7.574,0,0,0.5,0.75,0.5,0.75,0.25,0.75,0.25,0,0,0.25
86,70,7.574,0.25,0,0.25,0.25,0.5,0.25,0,0.5,0.25,0.5,0.5,0.25
95,43,7.574,0.75,0,0.5,0,0.75,0,0.5,0.5,0.75,0,0,0.25
96,45,7.574,0.5,0.75,0.25,0.5,0,0.25,0,0.5,0.75,0.5,0,0.5
98,8,7.574,0.75,0,0,0.75,0.5,0.25,0.25,0.25,0,0.75,0.75,0.5
98,58,7.574,0,0,0.5,0.75,0.25,0,0.5,0.5,0.25,0.75,0.75,0.25
4,13,8.5068,0.25,0.25,0.5,0.75,0.25,0.25,0.75,0.75,0.75,0.75,0.5,0
4,65,8.5068,0,0.25,0.5,0.75,0.5,0.25,0.25,0.5,0,0.75,0,0.75
5,1,8.5068,0.25,0.75,0.25,0.75,0,0.25,0.5,0.75,0.25,0,0.25,0
18,65,8.5068,0.75,0,0.75,0.75,0.25,0.5,0.5,0.75,0.75,0,0.25,0
27,46,8.5068,0.25,0,0.25,0.75,0,0.75,0.25,0.75,0.25,0.75,0,0
28,54,8.5068,0.5,0.75,0.25,0.75,0.5,0.75,0.75,0.75,0,0,0.25,0.25
29,50,8.5068,0.75,0.75,0,0.75,0.25,0.75,0,0.75,0.5,0,0.25,0
32,40,8.5068,0,0,0,0,0,0.75,0.75,0.5,0.5,0,0,0.5
35,43,8.5068,0.25,0.25,0.75,0.5,0.25,0.75,0,0.25,0.75,0.25,0.25,0.25
51,10,8.5068,0,0,0.5,0.5,0.5,0.5,0.75,0.25,0.25,0.25,0.25,0.25
54,38,8.5068,0,0,0.5,0.75,0.25,0.75,0.5,0.25,0.25,0,0,0.75
59,62,8.5068,0,0.25,0,0.75,0.75,0,0.25,0.5,0.5,0.25,0.75,0.5
65,42,8.5068,0.75,0.25,0.5,0.75,0.25,0.25,0.75,0.75,0.25,0,0.25,0
66,1,8.5068,0.75,0.5,0.75,0.75,0,0,0,0.75,0,0.5,0.5,0.75
67,53,8.5068,0.75,0.25,0.5,0.5,0,0,0.75,0.5,0.25,0.75,0.25,0.5
70,39,8.5068,0.75,0.25,0.75,0.75,0.5,0.25,0.5,0.75,0.75,0.5,0,0
72,26,8.5068,0.5,0,0.75,0.75,0.5,0.75,0.25,0.75,0.5,0.75,0.5,0.5
73,27,8.5068,0,0,0.75,0,0,0.5,0.5,0.25,0.5,0.5,0.25,0.25
82,62,8.5068,0.5,0,0.25,0.5,0.5,0.75,0,0.25,0.75,0.5,0,0.5
84,2,8.5068,0.25,0,0.75,0.5,0.25,0.75,0.75,0.5,0.5,0.5,0.25,0.25
84,11,8.5068,0.75,0.5,0,0.75,0.25,0.25,0.5,0.75,0.75,0.5,0,0.5
91,7,8.5068,0,0,0,0.75,0.75,0.25,0.75,0.75,0.5,0.75,0,0
97,24,8.5068,0,0.25,0.25,0.75,0,0.5,0.75,0.75,0.75,0,0.25,0.75
97,26,8.5068,0.25,0,0.25,0.5,0,0.25,0.75,0.5,0.25,0.75,0,0.25
97,45,8.5068,0.25,0,0.25,0.75,0.75,0.5,0,0.5,0.5,0,0.75,0
100,18,8.5068,0.25,0,0,0.5,0.5,0.75,0,0.5,0.25,0.5,0,0.25
100,53,8.5068,0.75,0.25,0.5,0,0.25,0.75,0,0.5,0.25,0.5,0.25,0.25
2,47,9.4533,0.25,0.75,0.75,0.75,0,0.25,0.5,0.75,0.5,0.25,0,0.25
5,61,9.4533,0,0.75,0.25,0.75,0.25,0.5,0.25,0.75,0,0.75,0.25,0.5
8,60,9.4533,0.5,0.25,0.5,0.75,0,0,0.75,0.25,0,0,0,0.75
10,54,9.4533,0.25,0,0.25,0,0,0.25,0.75,0.5,0,0.75,0.5,0.25
13,41,9.4533,0,0,0,0.5,0.75,0.75,0,0.25,0.5,0.5,0.5,0
20,62,9.4533,0,0.75,0,0.75,0.5,0.75,0,0,0.25,0.25,0,0.75
20,70,9.4533,0.75,0,0.5,0.75,0.75,0,0.75,0.75,0.5,0.5,0,0
21,22,9.4533,0.75,0,0.25,0.75,0,0.5,0,0.75,0.5,0.5,0,0
26,43,9.4533,0,0,0.5,0.25,0.75,0.5,0.75,0.5,0.75,0.75,0.25,0.25
31,10,9.4533,0.5,0.75,0,0.5,0.25,0.75,0,0.25,0.75,0.5,0.25,0.5
34,22,9.4533,0.75,0,0.75,0.75,0.75,0.5,0.5,0.5,0,0.5,0,0.75
35,29,9.4533,0.5,0.25,0.5,0.75,0.75,0.25,0.25,0.75,0.25,0,0.25,0
41,24,9.4533,0.5,0,0.25,0.5,0,0.5,0,0.25,0.25,0,0.5,0.5
43,43,9.4533,0.75,0,0.5,0.5,0.75,0.25,0,0.25,0.25,0.5,0.5,0.5
45,17,9.4533,0,0,0.75,0.75,0.75,0.75,0.5,0.25,0.25,0.25,0,0.75
51,3,9.4533,0.5,0.75,0.25,0.75,0.5,0,0.75,0.75,0.5,0.25,0.5,0
63,18,9.4533,0,0,0.75,0.5,0.75,0.75,0.25,0.5,0.25,0.25,0.25,0.25
64,1,9.4533,0.5,0.25,0.25,0.5,0,0.5,0.75,0.5,0.75,0.75,0.25,0.25
65,40,9.4533,0.75,0,0.5,0.75,0,0.25,0.5,0.75,0,0.75,0.5,0.5
67,37,9.4533,0,0.25,0,0.75,0.25,0.75,0.5,0.5,0,0.75,0,0
70,15,9.4533,0.75,0.5,0.25,0.75,0.25,0.25,0.75,0,0.75,0.5,0,0.75
79,42,9.4533,0.75,0.25,0.5,0.25,0.75,0,0,0.25,0.5,0,0.25,0.25
79,70,9.4533,0.5,0.25,0.5,0.75,0.75,0.5,0.75,0.75,0.75,0,0,0.5
83,9,9.4533,0.25,0.25,0.75,0.75,0.25,0.25,0.75,0.5,0.25,0.75,0,0.75
88,58,9.4533,0.5,0.5,0.75,0.75,0.25,0.75,0.25,0.75,0.25,0.75,0.25,0.25
90,11,9.4533,0.75,0.25,0,0.75,0.75,0.5,0.25,0.75,0.25,0,0,0.5
96,30,9.4533,0.75,0.25,0.75,0.75,0,0,0.75,0,0.25,0.5,0,0.75
2,39,10.41,0,0.75,0,0.75,0.75,0.25,0.5,0.75,0.75,0.5,0,0.25
6,18,10.41,0,0,0.75,0,0.5,0,0.75,0.25,0.5,0.5,0,0.25
12,28,10.41,0.75,0,0,0.5,0.5,0.75,0.25,0.5,0.5,0,0.5,0.5
14,44,10.41,0.25,0,0.75,0.75,0.5,0.75,0.5,0.75,0.25,0.25,0.25,0.25
17,40,10.41,0.25,0.25,0.5,0.5,0.75,0,0.75,0.5,0.75,0.75,0.25,0.5
20,15,10.41,0,0.5,0.25,0.75,0.25,0.25,0.5,0.75,0.25,0.75,0.25,0.5
26,27,10.41,0.5,0,0.25,0.25,0,0,0,0.25,0.5,0.5,0,0.25
27,50,10.41,0.75,0,0.25,0.75,0.25,0.75,0,0.75,0.75,0,0.5,0
28,19,10.41,0.25,0,0.75,0.75,0.5,0.25,0,0.75,0.5,0,0,0
29,37,10.41,0.75,0,0.75,0.5,0,0.75,0.5,0.5,0.75,0,0.25,0.25
36,8,10.41,0.5,0.75,0.75,0.75,0.25,0,0,0.75,0.75,0.75,0,0.75
36,31,10.41,0.5,0.25,0.5,0.75,0.75,0.25,0.75,0.75,0,0.5,0.5,0
38,34,10.41,0,0.5,0.5,0.75,0.5,0.75,0.75,0.75,0,0.5,0.25,0.25
41,35,10.41,0.5,0.25,0,0,0,0.25,0,0.25,0.75,0,0.5,0.5
41,50,10.41,0.25,0,0.75,0.75,0,0.5,0.5,0.5,0,0.75,0,0.75
49,14,10.41,0.25,0,0.25,0.75,0.5,0.5,0.5,0.75,0.5,0,0.25,0.5
50,43,10.41,0,0,0,0.5,0.25,0,0.25,0.5,0.75,0.75,0,0.5
54,10,10.41,0,0,0.25,0,0.75,0.75,0.5,0.25,0.5,0.25,0.25,0.25
54,12,10.41,0.25,0.25,0,0.75,0.25,0,0,0.75,0.25,0.75,0.5,0.75
56,64,10.41,0,0,0.75,0.5,0.75,0,0.25,0.5,0.25,0,0.25,0
58,34,10.41,0.75,0,0.25,0.5,0.5,0.5,0,0.5,0.5,0,0.5,0.5
58,65,10.41,0.75,0.25,0.5,0.75,0.75,0.25,0.75,0.75,0.25,0.25,0.5,0.25
63,54,10.41,0.75,0.25,0.75,0.75,0.5,0.5,0.75,0.75,0.75,0.25,0.25,0
64,26,10.41,0.75,0,0,0.75,0.75,0.25,0,0.5,0,0.5,0.75,0
71,27,10.41,0.25,0,0.25,0,0,0,0.5,0.25,0.25,0.25,0.5,0.25
74,58,10.41,0.75,0,0.75,0.5,0.25,0.5,0.25,0.5,0.5,0.75,0.25,0.5
75,19,10.41,0.25,0,0.25,0.75,0.25,0,0,0.25,0.25,0.5,0.75,0
78,11,10.41,0.25,0.75,0.5,0.75,0,0.75,0,0.75,0,0.25,0.25,0
79,23,10.41,0.75,0.75,0.5,0.75,0.5,0.75,0.25,0.75,0.75,0,0.25,0.5
80,13,10.41,0,0.25,0.5,0.75,0.25,0.25,0,0.75,0.25,0,0.5,0
80,24,10.41,0,0,0.5,0.25,0.75,0.25,0.75,0.5,0.75,0.75,0.25,0.25
85,23,10.41,0.25,0,0.5,0.75,0.25,0,0.75,0.75,0.5,0.75,0.5,0
88,35,10.41,0.75,0,0.25,0.5,0,0.25,0.25,0.5,0.25,0.5,0.25,0
92,9,10.41,0.25,0.5,0.25,0.75,0.5,0,0.5,0.75,0.75,0,0,0.5
95,3,10.41,0.75,0.25,0,0.75,0.25,0.5,0.75,0.75,0,0.5,0.5,0.5
97,22,10.41,0.25,0,0.5,0,0,0.5,0,0.5,0.25,0.25,0,0.25
97,35,10.41,0,0,0.25,0.5,0.25,0.25,0.5,0.5,0.5,0.25,0.25,0.25
1,17,11.374,0.25,0,0.5,0,0.5,0.25,0.25,0.25,0.5,0,0.25,0.5
1,28,11.374,0.25,0,0.5,0.75,0.5,0.5,0.75,0.75,0.25,0,0.5,0.5
4,18,11.374,0.75,0,0.25,0.75,0.75,0,0.5,0.25,0.25,0,0.75,0.5
4,69,11.374,0.75,0.5,0.5,0.75,0.25,0.5,0.75,0.75,0.75,0.25,0.5,0.25
9,36,11.374,0.5,0,0,0.75,0.5,0.25,0.75,0.25,0,0.75,0.75,0.5
9,62,11.374,0.5,0,0.25,0.75,0.5,0.75,0,0.75,0,0.25,0,0.5
13,27,11.374,0,0,0.75,0,0.75,0,0,0.5,0.75,0.5,0.25,0.75
14,37,11.374,0.5,0.25,0.5,0.75,0.5,0.75,0,0.75,0.5,0,0.25,0
14,70,11.374,0.5,0,0,0,0.5,0.25,0,0.25,0.25,0.75,0,0.5
15,54,11.374,0,0,0.5,0.5,0.25,0,0,0.75,0.5,0.25,0.25,0.5
22,61,11.374,0.5,0,0.5,0.5,0.25,0.25,0.75,0.5,0.75,0,0.25,0
24,32,11.374,0.5,0.5,0.5,0.75,0.75,0.25,0.75,0.75,0.25,0.25,0.25,0
27,7,11.374,0.75,0,0,0.25,0.75,0.5,0,0.5,0.25,0,0.25,0.25
28,3,11.374,0,0.25,0.25,0.75,0.25,0.5,0.25,0.75,0.75,0.25,0.5,0.5
28,4,11.374,0.25,0,0.25,0.5,0,0,0.5,0.25,0.5,0.75,0,0.25
28,68,11.374,0.75,0.75,0.75,0.75,0.25,0.25,0.5,0.75,0.75,0,0.25,0.5
31,9,11.374,0.5,0.5,0.5,0.75,0.75,0,0.5,0.75,0.5,0.75,0.5,0.25
31,60,11.374,0.25,0,0.75,0.75,0.5,0.75,0.5,0.5,0.75,0.75,0,0.75
32,51,11.374,0,0.5,0.75,0.75,0.5,0.75,0.5,0.75,0.75,0.75,0,0.5
35,11,11.374,0.25,0.25,0.5,0.75,0.75,0.5,0,0.25,0,0.75,0.5,0.75
38,21,11.374,0.5,0.25,0.5,0.75,0.25,0.5,0,0.75,0.75,0,0.25,0
38,49,11.374,0,0,0.5,0.75,0,0.5,0,0.75,0.75,0.75,0.25,0.75
39,3,11.374,0.75,0.25,0.75,0.75,0.75,0.25,0.75,0.75,0.25,0.75,0,0.5
40,15,11.374,0.25,0.5,0.75,0.75,0.75,0,0.5,0.75,0.75,0,0.5,0.25
47,52,11.374,0.75,0,0.25,0,0.75,0.5,0,0.5,0.5,0.75,0.5,0.5
47,67,11.374,0,0.25,0.25,0.75,0.75,0.75,0.25,0.75,0.25,0.75,0.5,0.25
48,26,11.374,0.25,0,0.25,0.25,0,0,0.25,0.5,0.25,0.25,0.25,0.25
51,64,11.374,0.25,0.25,0.25,0.75,0.5,0.75,0.75,0.75,0.5,0,0.5,0.25
53,15,11.374,0,0.25,0.25,0,0,0,0.25,0.5,0.5,0.75,0.25,0.5
54,51,11.374,0,0,0.25,0.75,0.5,0.25,0.5,0.75,0.5,0,0.5,0.25
60,69,11.374,0.25,0.25,0.75,0.75,0.5,0.25,0.25,0.75,0.25,0.5,0.25,0.5
65,65,11.374,0,0.25,0.5,0.75,0.75,0.5,0.5,0.75,0,0.25,0.25,0.5
68,59,11.374,0.5,0,0.5,0.5,0.5,0.75,0,0.5,0.75,0.25,0.5,0.25
72,29,11.374,0.5,0.25,0.75,0,0.75,0.25,0,0.5,0.5,0.5,0.25,0.5
72,59,11.374,0.25,0.25,0,0.75,0.5,0.75,0.75,0.5,0,0,0.5,0.75
73,11,11.374,0.5,0,0.25,0,0.75,0.25,0.25,0.5,0,0.75,0.25,0.5
73,57,11.374,0.25,0.25,0.5,0.75,0.25,0.25,0.5,0.25,0.25,0.25,0.5,0.75
73,59,11.374,0.5,0.5,0.25,0.75,0.25,0.5,0,0.75,0.25,0.5,0.25,0
79,39,11.374,0,0,0.25,0.5,0.25,0,0.25,0.25,0.75,0.25,0.5,0.5
81,38,11.374,0.5,0.25,0.5,0.75,0.5,0,0.5,0.75,0,0.25,0.5,0.5
83,67,11.374,0,0.75,0.25,0.5,0.75,0,0.75,0.5,0.5,0.25,0,0.25
85,34,11.374,0.25,0,0.25,0.5,0,0.25,0.25,0.5,0.75,0.5,0.25,0
87,62,11.374,0.5,0.25,0.5,0.75,0.5,0,0.25,0.75,0.25,0.5,0.25,0
91,60,11.374,0.5,0,0.5,0,0.5,0,0.75,0.5,0.5,0.25,0.5,0.5
93,2,11.374,0,0,0,0.5,0.5,0.25,0.25,0.25,0.5,0.75,0.5,0.5
1,7,12.344,0.5,0.5,0.5,0.75,0.5,0.5,0.5,0.25,0.25,0,0.25,0.5
1,10,12.344,0,0.75,0.25,0.75,0.25,0,0.25,0,0.5,0.25,0.5,0
1,14,12.344,0.5,0.5,0.25,0.75,0.5,0.5,0.75,0.5,0.75,0.75,0.5,0.75
1,21,12.344,0.25,0.25,0.75,0.75,0,0.25,0.75,0.25,0.75,0.5,0,0.75
1,22,12.344,0.75,0.25,0.75,0.75,0.25,0.25,0,0.5,0.25,0,0.25,0.25
1,23,12.344,0.5,0,0.5,0.75,0.5,0,0,0.25,0.75,0,0.5,0.5
1,29,12.344,0.5,0,0.25,0.75,0,0,0.25,0.5,0.25,0.75,0.5,0
1,31,12.344,0.25,0.5,0.75,0.75,0.5,0.5,0.75,0,0.5,0.75,0.25,0
1,38,12.344,0.75,0.25,0.5,0.75,0.25,0,0,0.75,0.5,0.75,0,0.5
1,41,12.344,0,0.75,0,0.5,0,0.75,0,0.25,0.75,0.5,0.25,0.5
1,42,12.344,0.5,0.75,0.5,0,0.25,0,0.75,0.25,0.5,0.25,0.25,0.25
1,49,12.344,0,0,0,0.5,0,0.75,0,0.25,0.5,0.5,0.25,0.25
1,52,12.344,0.5,0.5,0.25,0.75,0,0.75,0.25,0,0.5,0.75,0,0.25
1,53,12.344,0.75,0.75,0.75,0.75,0.25,0.25,0.75,0.5,0.5,0.5,0,0.75
1,55,12.344,0.25,0.25,0,0.75,0.5,0,0.5,0.25,0.75,0.75,0.5,0.5
1,62,12.344,0.25,0.25,0,0.75,0.25,0.25,0,0.25,0.25,0.25,0,0.25
1,65,12.344,0.5,0,0.75,0.75,0.25,0.25,0.75,0.5,0.5,0.75,0.5,0.75
2,3,12.344,0.25,0.25,0.25,0.75,0,0.5,0.25,0.5,0.25,0.25,0.25,0.25
2,4,12.344,0.75,0.5,0,0.75,0,0,0.5,0.25,0.75,0.75,0.5,0.75
2,7,12.344,0,0,0.5,0.75,0.75,0.25,0.25,0.25,0.75,0.75,0,0.5
2,11,12.344,0.5,0.75,0.75,0.75,0.75,0,0.25,0,0.5,0.75,0,0.25
2,18,12.344,0.5,0,0,0.75,0.75,0.5,0,0.25,0.75,0.75,0.25,0
2,21,12.344,0.75,0.75,0.75,0.75,0.25,0.75,0.5,0.25,0.75,0.25,0.25,0.5
2,22,12.344,0,0.75,0,0.75,0,0.5,0.25,0.25,0.75,0.5,0.5,0
2,40,12.344,0.25,0,0.25,0,0,0,0,0,0,0.25,0.5,0.5
2,42,12.344,0.25,0.5,0.75,0.75,0,0.25,0.75,0.5,0.25,0,0.5,0.5
2,50,12.344,0.25,0,0.5,0.75,0.75,0,0.5,0.25,0,0.75,0.25,0.5
2,52,12.344,0.25,0,0.5,0,0.5,0,0.25,0,0.75,0.25,0.25,0.5
2,57,12.344,0.25,0.25,0.75,0.75,0,0.75,0.5,0.25,0.25,0,0,0.25
2,63,12.344,0,0.25,0.75,0.75,0.5,0.25,0.5,0,0.75,0.75,0.25,0.5
3,1,12.344,0.5,0,0,0.75,0,0,0.5,0.25,0.5,0.25,0,0.75
3,5,12.344,0.75,0.5,0.75,0.75,0.75,0.5,0.5,0.25,0.5,0.5,0.5,0
3,7,12.344,0.25,0,0.5,0.75,0.5,0.25,0.5,0.5,0,0.25,0,0.75
3,8,12.344,0.75,0.25,0.5,0.75,0.75,0.25,0.25,0.25,0.75,0.5,0.25,0.5
3,12,12.344,0.75,0.25,0.25,0.75,0.75,0,0.75,0.5,0.25,0.75,0,0.25
3,29,12.344,0.75,0.5,0,0.75,0.5,0.75,0,0.25,0.5,0.25,0,0.75
3,35,12.344,0,0.75,0.5,0.75,0,0.5,0.5,0,0.5,0.25,0.25,0.25
3,39,12.344,0.75,0.25,0,0.75,0.25,0.25,0.5,0.25,0.25,0.5,0.5,0.25
3,47,12.344,0,0.25,0,0.75,0.25,0.25,0.5,0.25,0.5,0.25,0.5,0
3,59,12.344,0,0,0.75,0.5,0.25,0,0.75,0.5,0,0.75,0.25,0.25
3,64,12.344,0.25,0,0.75,0.75,0.5,0.5,0.75,0.5,0.75,0.75,0,0.5
4,9,12.344,0.5,0.75,0,0,0.5,0.5,0,0.5,0.5,0.5,0.25,0.25
4,19,12.344,0,0.75,0,0.5,0.75,0.25,0.75,0.5,0.75,0.5,0.5,0.25
4,20,12.344,0.75,0.75,0.75,0.75,0,0.5,0.75,0.25,0.25,0.5,0.25,0
4,27,12.344,0.5,0.75,0.5,0.75,0.75,0.75,0.5,0.5,0,0.25,0,0.25
4,28,12.344,0.75,0.75,0,0.75,0,0.5,0.75,0.5,0.25,0,0.5,0.5
4,36,12.344,0.5,0.75,0.25,0.75,0.75,0.25,0,0.75,0.75,0.75,0.5,0
